According to Kelly and Williams what is ethics?,"According to Kelly and Williams, ethics are the inner-guiding moral principles, values, and beliefs that individuals and groups use to analyze or interpret a situation and then decide what is right and the appropriate way to behave.",2.390133858,"According to Kelly and Williams, ethics are the inner-guiding moral principles, values, and beliefs that strive to find ways to deliver as much as possible to others.",2.5081563
According to Kelly and Williams what is ethics?,"According to Kelly and Williams, ethics are the inner-guiding moral principles, values, and beliefs that individuals and groups use to analyze or interpret a situation and then decide what is right and the appropriate way to behave.",2.124501228,"According to Kelly and Williams, ethics are the inner-guiding moral principles, values, and beliefs that strive to find ways to deliver as much as possible to others.",2.48502779
According to Kelly and Williams what is ethics?,"According to Kelly and Williams, ethics are the inner-guiding moral principles, values, and beliefs that individuals and groups use to analyze or interpret a situation and then decide what is right and the appropriate way to behave.",2.587561131,"According to Kelly and Williams, ethics are the inner-guiding moral principles, values, and beliefs that strive to find ways to deliver as much as possible to others.",2.345270157
According to Kelly and Williams what is ethics?,"According to Kelly and Williams, ethics are the inner-guiding moral principles, values, and beliefs that individuals and groups use to analyze or interpret a situation and then decide what is right and the appropriate way to behave.",16.01776814,"According to Kelly and Williams, ethics are the inner-guiding moral principles, values, and beliefs that individuals and groups use to analyze or interpret a situation and then decide what is right and the appropriate way to behave.",19.19826007
whats is the comparisson between management and leadership accoring to kotter,"According to Kotter, the comparison between management and leadership can be summarized as follows:

- **Management is about coping with complexity**, while **leadership is about coping with change**.
- The manager **imitates**, whereas the leader **originates**.
- The manager **accepts the status quo**, while the leader **challenges it**.
- The manager is the **classic good soldier**, while the leader is **his or her own person**.
- The manager **does things right**, while the leader **does the right thing**.
- The manager **relies on control**, while the leader **inspires trust**.
- The manager **accepts reality**, while the leader **investigates it**.

Kotter emphasizes that both management and leadership are necessary for success in a complex and volatile business environment.",11.48581338,"According to Kotter, management and leadership are two distinctive and complementary systems of action that are both necessary for success in a complex and volatile business environment. Here are some key comparisons:

- **Focus**: Management is about coping with complexity, while leadership is about coping with change.
- **Role**: Managers tend to accept the status quo and maintain order, whereas leaders challenge the status quo and seek to innovate.
- **Approach**: Managers do things right and ensure consistency, while leaders focus on doing the right thing and driving change.
- **Nature**: Managers are often seen as good soldiers who follow established protocols, while leaders are viewed as independent thinkers who originate new ideas.

Kotter emphasizes that without good management, complex enterprises can become chaotic, and that more change in an organization demands more leadership.",11.60081911
whats is the comparisson between management and leadership accoring to kotter,"According to Kotter, the comparison between management and leadership can be summarized as follows:

- **Management is about coping with complexity**: Managers focus on planning, budgeting, organizing, staffing, and controlling to bring order and consistency to complex enterprises.

- **Leadership is about coping with change**: Leaders are concerned with inspiring trust, challenging the status quo, and guiding organizations through change.

Some specific differences highlighted by Kotter include:

- The manager imitates; the leader originates.
- The manager accepts the status quo; the leader challenges it.
- The manager is the classic good soldier; the leader is his or her own person.
- The manager does things right; the leader does the right thing.
- The manager relies on control; the leader inspires trust.
- The manager accepts reality; the leader investigates it.

Overall, both management and leadership are necessary for success in a complex and volatile business environment, but they involve different approaches and mindsets.",17.72888827,"According to Kotter, management and leadership are two distinctive and complementary systems of action that are both necessary for success in a complex and volatile business environment. 

- Management is focused on coping with complexity. It brings order and consistency to complex enterprises, preventing chaos.
- Leadership, on the other hand, is about coping with change. It is essential for navigating and driving change, as more change requires more leadership.

Additionally, Kotter highlights several differences between managers and leaders:
- Managers imitate, while leaders originate.
- Managers accept the status quo, whereas leaders challenge it.
- Managers are seen as good soldiers, while leaders are their own persons.
- Managers do things right, while leaders do the right thing.",49.63046956
whats is the comparisson between management and leadership accoring to kotter,"According to Kotter, the comparison between management and leadership can be summarized as follows:

- **Management is about coping with complexity**, while **leadership is about coping with change**.
- The manager **imitates**, whereas the leader **originates**.
- The manager **accepts the status quo**, while the leader **challenges it**.
- The manager is the **classic good soldier**, while the leader is **his or her own person**.
- The manager **does things right**, while the leader **does the right thing**.
- The manager **relies on control**, while the leader **inspires trust**.
- The manager **accepts reality**, while the leader **investigates it**.

Kotter emphasizes that both management and leadership are necessary for success in a complex and volatile business environment.",20.24745107,"According to Kotter, management and leadership are two distinctive and complementary systems of action that are both necessary for success in a complex and volatile business environment. Here are some key comparisons he makes:

- **Focus**: Management is about coping with complexity, while leadership is about coping with change.
- **Role**: Managers accept the status quo and work to maintain order and consistency, whereas leaders challenge the status quo and seek to drive change.
- **Approach**: Managers do things right, focusing on processes and efficiency, while leaders do the right thing, emphasizing vision and direction.
- **Nature**: Managers are seen as classic good soldiers who follow established protocols, while leaders are their own persons who originate ideas and inspire others.

Overall, good management is essential to prevent chaos in complex enterprises, while effective leadership is crucial for navigating and implementing change.",7.337809086
whats is the comparisson between management and leadership accoring to kotter,"According to Kotter, the comparison between management and leadership includes several key distinctions:

1. **Focus**: Management is about coping with complexity, while leadership is about coping with change.
2. **Approach**: Managers tend to imitate and accept the status quo, whereas leaders originate ideas and challenge the status quo.
3. **Role**: Managers are seen as classic good soldiers who do things right, while leaders are their own person who do the right thing.
4. **Control vs. Trust**: Managers rely on control, while leaders inspire trust.
5. **Reality**: Managers accept reality as it is, while leaders investigate and seek to understand it more deeply.

Overall, both management and leadership are necessary for success in complex and volatile business environments, but they involve different systems of action and approaches to organizational challenges.",12.91578603,"According to Kotter, management and leadership are two distinctive and complementary systems of action that are both necessary for success in a complex and volatile business environment. Here are some key comparisons:

- **Focus**: Management is about coping with complexity, while leadership is about coping with change.
- **Role**: Managers accept the status quo and aim to bring order and consistency, whereas leaders challenge the status quo and seek to drive change.
- **Behavior**: Managers do things right, focusing on processes and efficiency, while leaders do the right thing, emphasizing vision and direction.
- **Nature**: Managers are often seen as good soldiers who follow established protocols, while leaders are viewed as independent thinkers who originate new ideas.

Overall, good management is essential to prevent chaos in complex enterprises, while effective leadership is crucial for navigating and implementing change.",13.41812062
whats is the comparisson between management and leadership accoring to kotter,"According to Kotter, the comparison between management and leadership includes several key distinctions:

1. **Focus**: Management is about coping with complexity, while leadership is about coping with change.
2. **Approach**: Managers tend to imitate and accept the status quo, whereas leaders originate ideas and challenge existing norms.
3. **Role**: Managers are seen as classic good soldiers who do things right, while leaders are their own person who do the right thing.
4. **Control vs. Trust**: Managers rely on control, while leaders inspire trust.
5. **Reality**: Managers accept reality as it is, while leaders investigate and seek to understand it more deeply.

Overall, both management and leadership are necessary for success in complex and volatile business environments, but they involve different systems of action and mindsets.",11.68775988,"According to Kotter, management and leadership are two distinctive and complementary systems of action that are both necessary for success in a complex and volatile business environment. Here are some key comparisons:

1. **Focus**: Management is about coping with complexity, while leadership is about coping with change.
2. **Role**: Managers accept the status quo and work to maintain order and consistency, whereas leaders challenge the status quo and seek to drive change.
3. **Approach**: Managers do things right, ensuring processes are followed, while leaders focus on doing the right thing, often taking risks to innovate and inspire.
4. **Nature**: Managers are seen as classic good soldiers who follow established protocols, while leaders are their own persons who may break from tradition to pursue new directions.

Overall, good management is essential to prevent chaos in complex enterprises, while effective leadership is crucial for navigating and instigating change.",9.19607091
according to Taylor how can worker inefficiency be solved,"According to Taylor, worker inefficiency can be solved by observing how work is performed to determine the appropriate work standard. This involves dividing each job into discrete tasks to identify the most efficient way to perform those tasks and then reconstructing all of the tasks into an efficient job. Taylor emphasized the importance of time and motion studies and believed that once the best method for performing a job is identified, it should be recorded and taught to all workers. Additionally, he advocated for setting specific performance targets and compensating workers based on their ability to meet those targets.",6.199280739,"According to Taylor, worker inefficiency can be solved by observing how work is performed to determine the appropriate work standard. This involves carefully investigating each job by dividing it into discrete tasks to identify the most efficient way to perform those tasks. Once the efficient methods are established, the tasks can be reconstructed into an efficient job, and compensation can be fitted to the established standards.",9.432921886
